-- GameSpeeds
-- Author: enors
-- DateCreated: 12/2/2017 1:16:35 AM
--------------------------------------------------------------
--Defines the new faster game speeds
INSERT INTO Types
(Type, Kind)
VALUES
("GAMESPEED_FAST", "KIND_GAMESPEED"),
("GAMESPEED_CASUAL", "KIND_GAMESPEED"),
("GAMESPEED_BLAZING", "KIND_GAMESPEED"),
("GAMESPEED_ADHD", "KIND_GAMESPEED");


--Defines the name, description, and speeds for each new game speed
INSERT INTO GameSpeeds
(GameSpeedType, Name, Description, CostMultiplier, CivicUnlockMaxCost, CivicUnlockPerTurnDrop, CivicUnlockMinCost)
VALUES
("GAMESPEED_FAST", "LOC_GAMESPEED_FAST_NAME", "LOC_GAMESPEED_FAST_HELP", 40, 40, 4, 8),
("GAMESPEED_CASUAL", "LOC_GAMESPEED_CASUAL_NAME", "LOC_GAMESPEED_CASUAL_HELP", 30, 30, 3, 6),
("GAMESPEED_BLAZING", "LOC_GAMESPEED_BLAZING_NAME", "LOC_GAMESPEED_BLAZING_HELP", 20, 20, 2, 4),
("GAMESPEED_ADHD", "LOC_GAMESPEED_ADHD_NAME", "LOC_GAMESPEED_ADHD_HELP", 10, 10, 1, 2);


--Sets the rate at which the calendar progresses
INSERT INTO GameSpeed_Turns
(GameSpeedType, MonthIncrement, TurnsPerIncrement)
VALUES
("GAMESPEED_FAST", 1200, 28),
("GAMESPEED_FAST", 750, 24),
("GAMESPEED_FAST", 600, 16),
("GAMESPEED_FAST", 300, 16),
("GAMESPEED_FAST", 150, 24),
("GAMESPEED_FAST", 60, 20),
("GAMESPEED_FAST", 30, 48),
("GAMESPEED_FAST", 15, 24),

("GAMESPEED_CASUAL", 1600, 21),
("GAMESPEED_CASUAL", 1000, 18),
("GAMESPEED_CASUAL", 800, 12),
("GAMESPEED_CASUAL", 400, 12),
("GAMESPEED_CASUAL", 200, 18),
("GAMESPEED_CASUAL", 80, 15),
("GAMESPEED_CASUAL", 40, 36),
("GAMESPEED_CASUAL", 20, 18),

("GAMESPEED_BLAZING", 2400, 14),
("GAMESPEED_BLAZING", 1500, 12),
("GAMESPEED_BLAZING", 1200, 8),
("GAMESPEED_BLAZING", 600, 8),
("GAMESPEED_BLAZING", 300, 12),
("GAMESPEED_BLAZING", 120, 10),
("GAMESPEED_BLAZING", 60, 24),
("GAMESPEED_BLAZING", 30, 12),

("GAMESPEED_ADHD", 4800, 7),
("GAMESPEED_ADHD", 3000, 6),
("GAMESPEED_ADHD", 2400, 4),
("GAMESPEED_ADHD", 1200, 4),
("GAMESPEED_ADHD", 600, 6),
("GAMESPEED_ADHD", 240, 5),
("GAMESPEED_ADHD", 120, 5),
("GAMESPEED_ADHD", 60, 6);